X,l(x),d(x)
0,"1,000,000.00",1073.916667
0,"998,926.08",1073.916667
0,"997,852.17",1073.916667
0,"996,778.25",1073.916667
0,"995,704.33",1073.916667
0,"994,630.42",1073.916667
0,"993,556.50",1073.916667
0,"992,482.58",1073.916667
0,"991,408.67",1073.916667
0,"990,334.75",1073.916667
0,"989,260.83",1073.916667
0,"988,186.92",1073.916667
1,"987,113.00",158.8333333
1,"986,954.17",158.8333333
1,"986,795.33",158.8333333
1,"986,636.50",158.8333333
1,"986,477.67",158.8333333
1,"986,318.83",158.8333333
1,"986,160.00",158.8333333
1,"986,001.17",158.8333333
1,"985,842.33",158.8333333
1,"985,683.50",158.8333333
1,"985,524.67",158.8333333
1,"985,365.83",158.8333333
2,"985,207.00",89
2,"985,118.00",89
2,"985,029.00",89
2,"984,940.00",89
2,"984,851.00",89
2,"984,762.00",89
2,"984,673.00",89
2,"984,584.00",89
2,"984,495.00",89
2,"984,406.00",89
2,"984,317.00",89
2,"984,228.00",89
3,"984,139.00",58.41666667
3,"984,080.58",58.41666667
3,"984,022.17",58.41666667
3,"983,963.75",58.41666667
3,"983,905.33",58.41666667
3,"983,846.92",58.41666667
3,"983,788.50",58.41666667
3,"983,730.08",58.41666667
3,"983,671.67",58.41666667
3,"983,613.25",58.41666667
3,"983,554.83",58.41666667
3,"983,496.42",58.41666667
4,"983,438.00",44.66666667
4,"983,393.33",44.66666667
4,"983,348.67",44.66666667
4,"983,304.00",44.66666667
4,"983,259.33",44.66666667
4,"983,214.67",44.66666667
4,"983,170.00",44.66666667
4,"983,125.33",44.66666667
4,"983,080.67",44.66666667
4,"983,036.00",44.66666667
4,"982,991.33",44.66666667
4,"982,946.67",44.66666667
5,"982,902.00",40.58333333
5,"982,861.42",40.58333333
5,"982,820.83",40.58333333
5,"982,780.25",40.58333333
5,"982,739.67",40.58333333
5,"982,699.08",40.58333333
5,"982,658.50",40.58333333
5,"982,617.92",40.58333333
5,"982,577.33",40.58333333
5,"982,536.75",40.58333333
5,"982,496.17",40.58333333
5,"982,455.58",40.58333333
6,"982,415.00",38.66666667
6,"982,376.33",38.66666667
6,"982,337.67",38.66666667
6,"982,299.00",38.66666667
6,"982,260.33",38.66666667
6,"982,221.67",38.66666667
6,"982,183.00",38.66666667
6,"982,144.33",38.66666667
6,"982,105.67",38.66666667
6,"982,067.00",38.66666667
6,"982,028.33",38.66666667
6,"981,989.67",38.66666667
7,"981,951.00",35.75
7,"981,915.25",35.75
7,"981,879.50",35.75
7,"981,843.75",35.75
7,"981,808.00",35.75
7,"981,772.25",35.75
7,"981,736.50",35.75
7,"981,700.75",35.75
7,"981,665.00",35.75
7,"981,629.25",35.75
7,"981,593.50",35.75
7,"981,557.75",35.75
8,"981,522.00",34.25
8,"981,487.75",34.25
8,"981,453.50",34.25
8,"981,419.25",34.25
8,"981,385.00",34.25
8,"981,350.75",34.25
8,"981,316.50",34.25
8,"981,282.25",34.25
8,"981,248.00",34.25
8,"981,213.75",34.25
8,"981,179.50",34.25
8,"981,145.25",34.25
9,"981,111.00",33.58333333
9,"981,077.42",33.58333333
9,"981,043.83",33.58333333
9,"981,010.25",33.58333333
9,"980,976.67",33.58333333
9,"980,943.08",33.58333333
9,"980,909.50",33.58333333
9,"980,875.92",33.58333333
9,"980,842.33",33.58333333
9,"980,808.75",33.58333333
9,"980,775.17",33.58333333
9,"980,741.58",33.58333333
10,"980,708.00",32.66666667
10,"980,675.33",32.66666667
10,"980,642.67",32.66666667
10,"980,610.00",32.66666667
10,"980,577.33",32.66666667
10,"980,544.67",32.66666667
10,"980,512.00",32.66666667
10,"980,479.33",32.66666667
10,"980,446.67",32.66666667
10,"980,414.00",32.66666667
10,"980,381.33",32.66666667
10,"980,348.67",32.66666667
11,"980,316.00",31.25
11,"980,284.75",31.25
11,"980,253.50",31.25
11,"980,222.25",31.25
11,"980,191.00",31.25
11,"980,159.75",31.25
11,"980,128.50",31.25
11,"980,097.25",31.25
11,"980,066.00",31.25
11,"980,034.75",31.25
11,"980,003.50",31.25
11,"979,972.25",31.25
12,"979,941.00",28.5
12,"979,912.50",28.5
12,"979,884.00",28.5
12,"979,855.50",28.5
12,"979,827.00",28.5
12,"979,798.50",28.5
12,"979,770.00",28.5
12,"979,741.50",28.5
12,"979,713.00",28.5
12,"979,684.50",28.5
12,"979,656.00",28.5
12,"979,627.50",28.5
13,"979,599.00",28.58333333
13,"979,570.42",28.58333333
13,"979,541.83",28.58333333
13,"979,513.25",28.58333333
13,"979,484.67",28.58333333
13,"979,456.08",28.58333333
13,"979,427.50",28.58333333
13,"979,398.92",28.58333333
13,"979,370.33",28.58333333
13,"979,341.75",28.58333333
13,"979,313.17",28.58333333
13,"979,284.58",28.58333333
14,"979,256.00",31.33333333
14,"979,224.67",31.33333333
14,"979,193.33",31.33333333
14,"979,162.00",31.33333333
14,"979,130.67",31.33333333
14,"979,099.33",31.33333333
14,"979,068.00",31.33333333
14,"979,036.67",31.33333333
14,"979,005.33",31.33333333
14,"978,974.00",31.33333333
14,"978,942.67",31.33333333
14,"978,911.33",31.33333333
15,"978,880.00",35.75
15,"978,844.25",35.75
15,"978,808.50",35.75
15,"978,772.75",35.75
15,"978,737.00",35.75
15,"978,701.25",35.75
15,"978,665.50",35.75
15,"978,629.75",35.75
15,"978,594.00",35.75
15,"978,558.25",35.75
15,"978,522.50",35.75
15,"978,486.75",35.75
16,"978,451.00",38.16666667
16,"978,412.83",38.16666667
16,"978,374.67",38.16666667
16,"978,336.50",38.16666667
16,"978,298.33",38.16666667
16,"978,260.17",38.16666667
16,"978,222.00",38.16666667
16,"978,183.83",38.16666667
16,"978,145.67",38.16666667
16,"978,107.50",38.16666667
16,"978,069.33",38.16666667
16,"978,031.17",38.16666667
17,"977,993.00",41.66666667
17,"977,951.33",41.66666667
17,"977,909.67",41.66666667
17,"977,868.00",41.66666667
17,"977,826.33",41.66666667
17,"977,784.67",41.66666667
17,"977,743.00",41.66666667
17,"977,701.33",41.66666667
17,"977,659.67",41.66666667
17,"977,618.00",41.66666667
17,"977,576.33",41.66666667
17,"977,534.67",41.66666667
18,"977,493.00",47.5
18,"977,445.50",47.5
18,"977,398.00",47.5
18,"977,350.50",47.5
18,"977,303.00",47.5
18,"977,255.50",47.5
18,"977,208.00",47.5
18,"977,160.50",47.5
18,"977,113.00",47.5
18,"977,065.50",47.5
18,"977,018.00",47.5
18,"976,970.50",47.5
19,"976,923.00",50
19,"976,873.00",50
19,"976,823.00",50
19,"976,773.00",50
19,"976,723.00",50
19,"976,673.00",50
19,"976,623.00",50
19,"976,573.00",50
19,"976,523.00",50
19,"976,473.00",50
19,"976,423.00",50
19,"976,373.00",50
20,"976,323.00",53.75
20,"976,269.25",53.75
20,"976,215.50",53.75
20,"976,161.75",53.75
20,"976,108.00",53.75
20,"976,054.25",53.75
20,"976,000.50",53.75
20,"975,946.75",53.75
20,"975,893.00",53.75
20,"975,839.25",53.75
20,"975,785.50",53.75
20,"975,731.75",53.75
21,"975,678.00",55.5
21,"975,622.50",55.5
21,"975,567.00",55.5
21,"975,511.50",55.5
21,"975,456.00",55.5
21,"975,400.50",55.5
21,"975,345.00",55.5
21,"975,289.50",55.5
21,"975,234.00",55.5
21,"975,178.50",55.5
21,"975,123.00",55.5
21,"975,067.50",55.5
22,"975,012.00",60.08333333
22,"974,951.92",60.08333333
22,"974,891.83",60.08333333
22,"974,831.75",60.08333333
22,"974,771.67",60.08333333
22,"974,711.58",60.08333333
22,"974,651.50",60.08333333
22,"974,591.42",60.08333333
22,"974,531.33",60.08333333
22,"974,471.25",60.08333333
22,"974,411.17",60.08333333
22,"974,351.08",60.08333333
23,"974,291.00",63.08333333
23,"974,227.92",63.08333333
23,"974,164.83",63.08333333
23,"974,101.75",63.08333333
23,"974,038.67",63.08333333
23,"973,975.58",63.08333333
23,"973,912.50",63.08333333
23,"973,849.42",63.08333333
23,"973,786.33",63.08333333
23,"973,723.25",63.08333333
23,"973,660.17",63.08333333
23,"973,597.08",63.08333333
24,"973,534.00",70.08333333
24,"973,463.92",70.08333333
24,"973,393.83",70.08333333
24,"973,323.75",70.08333333
24,"973,253.67",70.08333333
24,"973,183.58",70.08333333
24,"973,113.50",70.08333333
24,"973,043.42",70.08333333
24,"972,973.33",70.08333333
24,"972,903.25",70.08333333
24,"972,833.17",70.08333333
24,"972,763.08",70.08333333
25,"972,693.00",71.33333333
25,"972,621.67",71.33333333
25,"972,550.33",71.33333333
25,"972,479.00",71.33333333
25,"972,407.67",71.33333333
25,"972,336.33",71.33333333
25,"972,265.00",71.33333333
25,"972,193.67",71.33333333
25,"972,122.33",71.33333333
25,"972,051.00",71.33333333
25,"971,979.67",71.33333333
25,"971,908.33",71.33333333
26,"971,837.00",77.83333333
26,"971,759.17",77.83333333
26,"971,681.33",77.83333333
26,"971,603.50",77.83333333
26,"971,525.67",77.83333333
26,"971,447.83",77.83333333
26,"971,370.00",77.83333333
26,"971,292.17",77.83333333
26,"971,214.33",77.83333333
26,"971,136.50",77.83333333
26,"971,058.67",77.83333333
26,"970,980.83",77.83333333
27,"970,903.00",81.58333333
27,"970,821.42",81.58333333
27,"970,739.83",81.58333333
27,"970,658.25",81.58333333
27,"970,576.67",81.58333333
27,"970,495.08",81.58333333
27,"970,413.50",81.58333333
27,"970,331.92",81.58333333
27,"970,250.33",81.58333333
27,"970,168.75",81.58333333
27,"970,087.17",81.58333333
27,"970,005.58",81.58333333
28,"969,924.00",88.58333333
28,"969,835.42",88.58333333
28,"969,746.83",88.58333333
28,"969,658.25",88.58333333
28,"969,569.67",88.58333333
28,"969,481.08",88.58333333
28,"969,392.50",88.58333333
28,"969,303.92",88.58333333
28,"969,215.33",88.58333333
28,"969,126.75",88.58333333
28,"969,038.17",88.58333333
28,"968,949.58",88.58333333
29,"968,861.00",94.25
29,"968,766.75",94.25
29,"968,672.50",94.25
29,"968,578.25",94.25
29,"968,484.00",94.25
29,"968,389.75",94.25
29,"968,295.50",94.25
29,"968,201.25",94.25
29,"968,107.00",94.25
29,"968,012.75",94.25
29,"967,918.50",94.25
29,"967,824.25",94.25
30,"967,730.00",102.8333333
30,"967,627.17",102.8333333
30,"967,524.33",102.8333333
30,"967,421.50",102.8333333
30,"967,318.67",102.8333333
30,"967,215.83",102.8333333
30,"967,113.00",102.8333333
30,"967,010.17",102.8333333
30,"966,907.33",102.8333333
30,"966,804.50",102.8333333
30,"966,701.67",102.8333333
30,"966,598.83",102.8333333
31,"966,496.00",105.9166667
31,"966,390.08",105.9166667
31,"966,284.17",105.9166667
31,"966,178.25",105.9166667
31,"966,072.33",105.9166667
31,"965,966.42",105.9166667
31,"965,860.50",105.9166667
31,"965,754.58",105.9166667
31,"965,648.67",105.9166667
31,"965,542.75",105.9166667
31,"965,436.83",105.9166667
31,"965,330.92",105.9166667
32,"965,225.00",127.9166667
32,"965,097.08",127.9166667
32,"964,969.17",127.9166667
32,"964,841.25",127.9166667
32,"964,713.33",127.9166667
32,"964,585.42",127.9166667
32,"964,457.50",127.9166667
32,"964,329.58",127.9166667
32,"964,201.67",127.9166667
32,"964,073.75",127.9166667
32,"963,945.83",127.9166667
32,"963,817.92",127.9166667
33,"963,690.00",131.5833333
33,"963,558.42",131.5833333
33,"963,426.83",131.5833333
33,"963,295.25",131.5833333
33,"963,163.67",131.5833333
33,"963,032.08",131.5833333
33,"962,900.50",131.5833333
33,"962,768.92",131.5833333
33,"962,637.33",131.5833333
33,"962,505.75",131.5833333
33,"962,374.17",131.5833333
33,"962,242.58",131.5833333
34,"962,111.00",134.3333333
34,"961,976.67",134.3333333
34,"961,842.33",134.3333333
34,"961,708.00",134.3333333
34,"961,573.67",134.3333333
34,"961,439.33",134.3333333
34,"961,305.00",134.3333333
34,"961,170.67",134.3333333
34,"961,036.33",134.3333333
34,"960,902.00",134.3333333
34,"960,767.67",134.3333333
34,"960,633.33",134.3333333
35,"960,499.00",146.5833333
35,"960,352.42",146.5833333
35,"960,205.83",146.5833333
35,"960,059.25",146.5833333
35,"959,912.67",146.5833333
35,"959,766.08",146.5833333
35,"959,619.50",146.5833333
35,"959,472.92",146.5833333
35,"959,326.33",146.5833333
35,"959,179.75",146.5833333
35,"959,033.17",146.5833333
35,"958,886.58",146.5833333
36,"958,740.00",154.9166667
36,"958,585.08",154.9166667
36,"958,430.17",154.9166667
36,"958,275.25",154.9166667
36,"958,120.33",154.9166667
36,"957,965.42",154.9166667
36,"957,810.50",154.9166667
36,"957,655.58",154.9166667
36,"957,500.67",154.9166667
36,"957,345.75",154.9166667
36,"957,190.83",154.9166667
36,"957,035.92",154.9166667
37,"956,881.00",167.5
37,"956,713.50",167.5
37,"956,546.00",167.5
37,"956,378.50",167.5
37,"956,211.00",167.5
37,"956,043.50",167.5
37,"955,876.00",167.5
37,"955,708.50",167.5
37,"955,541.00",167.5
37,"955,373.50",167.5
37,"955,206.00",167.5
37,"955,038.50",167.5
38,"954,871.00",189.6666667
38,"954,681.33",189.6666667
38,"954,491.67",189.6666667
38,"954,302.00",189.6666667
38,"954,112.33",189.6666667
38,"953,922.67",189.6666667
38,"953,733.00",189.6666667
38,"953,543.33",189.6666667
38,"953,353.67",189.6666667
38,"953,164.00",189.6666667
38,"952,974.33",189.6666667
38,"952,784.67",189.6666667
39,"952,595.00",191.75
39,"952,403.25",191.75
39,"952,211.50",191.75
39,"952,019.75",191.75
39,"951,828.00",191.75
39,"951,636.25",191.75
39,"951,444.50",191.75
39,"951,252.75",191.75
39,"951,061.00",191.75
39,"950,869.25",191.75
39,"950,677.50",191.75
39,"950,485.75",191.75
40,"950,294.00",212.25
40,"950,081.75",212.25
40,"949,869.50",212.25
40,"949,657.25",212.25
40,"949,445.00",212.25
40,"949,232.75",212.25
40,"949,020.50",212.25
40,"948,808.25",212.25
40,"948,596.00",212.25
40,"948,383.75",212.25
40,"948,171.50",212.25
40,"947,959.25",212.25
41,"947,747.00",233.0833333
41,"947,513.92",233.0833333
41,"947,280.83",233.0833333
41,"947,047.75",233.0833333
41,"946,814.67",233.0833333
41,"946,581.58",233.0833333
41,"946,348.50",233.0833333
41,"946,115.42",233.0833333
41,"945,882.33",233.0833333
41,"945,649.25",233.0833333
41,"945,416.17",233.0833333
41,"945,183.08",233.0833333
42,"944,950.00",251.3333333
42,"944,698.67",251.3333333
42,"944,447.33",251.3333333
42,"944,196.00",251.3333333
42,"943,944.67",251.3333333
42,"943,693.33",251.3333333
42,"943,442.00",251.3333333
42,"943,190.67",251.3333333
42,"942,939.33",251.3333333
42,"942,688.00",251.3333333
42,"942,436.67",251.3333333
42,"942,185.33",251.3333333
43,"941,934.00",276.5
43,"941,657.50",276.5
43,"941,381.00",276.5
43,"941,104.50",276.5
43,"940,828.00",276.5
43,"940,551.50",276.5
43,"940,275.00",276.5
43,"939,998.50",276.5
43,"939,722.00",276.5
43,"939,445.50",276.5
43,"939,169.00",276.5
43,"938,892.50",276.5
44,"938,616.00",296.75
44,"938,319.25",296.75
44,"938,022.50",296.75
44,"937,725.75",296.75
44,"937,429.00",296.75
44,"937,132.25",296.75
44,"936,835.50",296.75
44,"936,538.75",296.75
44,"936,242.00",296.75
44,"935,945.25",296.75
44,"935,648.50",296.75
44,"935,351.75",296.75
45,"935,055.00",332.1666667
45,"934,722.83",332.1666667
45,"934,390.67",332.1666667
45,"934,058.50",332.1666667
45,"933,726.33",332.1666667
45,"933,394.17",332.1666667
45,"933,062.00",332.1666667
45,"932,729.83",332.1666667
45,"932,397.67",332.1666667
45,"932,065.50",332.1666667
45,"931,733.33",332.1666667
45,"931,401.17",332.1666667
46,"931,069.00",358
46,"930,711.00",358
46,"930,353.00",358
46,"929,995.00",358
46,"929,637.00",358
46,"929,279.00",358
46,"928,921.00",358
46,"928,563.00",358
46,"928,205.00",358
46,"927,847.00",358
46,"927,489.00",358
46,"927,131.00",358
47,"926,773.00",405.25
47,"926,367.75",405.25
47,"925,962.50",405.25
47,"925,557.25",405.25
47,"925,152.00",405.25
47,"924,746.75",405.25
47,"924,341.50",405.25
47,"923,936.25",405.25
47,"923,531.00",405.25
47,"923,125.75",405.25
47,"922,720.50",405.25
47,"922,315.25",405.25
48,"921,910.00",447.5833333
48,"921,462.42",447.5833333
48,"921,014.83",447.5833333
48,"920,567.25",447.5833333
48,"920,119.67",447.5833333
48,"919,672.08",447.5833333
48,"919,224.50",447.5833333
48,"918,776.92",447.5833333
48,"918,329.33",447.5833333
48,"917,881.75",447.5833333
48,"917,434.17",447.5833333
48,"916,986.58",447.5833333
49,"916,539.00",490.0833333
49,"916,048.92",490.0833333
49,"915,558.83",490.0833333
49,"915,068.75",490.0833333
49,"914,578.67",490.0833333
49,"914,088.58",490.0833333
49,"913,598.50",490.0833333
49,"913,108.42",490.0833333
49,"912,618.33",490.0833333
49,"912,128.25",490.0833333
49,"911,638.17",490.0833333
49,"911,148.08",490.0833333
50,"910,658.00",554.4166667
50,"910,103.58",554.4166667
50,"909,549.17",554.4166667
50,"908,994.75",554.4166667
50,"908,440.33",554.4166667
50,"907,885.92",554.4166667
50,"907,331.50",554.4166667
50,"906,777.08",554.4166667
50,"906,222.67",554.4166667
50,"905,668.25",554.4166667
50,"905,113.83",554.4166667
50,"904,559.42",554.4166667
51,"904,005.00",613.5833333
51,"903,391.42",613.5833333
51,"902,777.83",613.5833333
51,"902,164.25",613.5833333
51,"901,550.67",613.5833333
51,"900,937.08",613.5833333
51,"900,323.50",613.5833333
51,"899,709.92",613.5833333
51,"899,096.33",613.5833333
51,"898,482.75",613.5833333
51,"897,869.17",613.5833333
51,"897,255.58",613.5833333
52,"896,642.00",654.25
52,"895,987.75",654.25
52,"895,333.50",654.25
52,"894,679.25",654.25
52,"894,025.00",654.25
52,"893,370.75",654.25
52,"892,716.50",654.25
52,"892,062.25",654.25
52,"891,408.00",654.25
52,"890,753.75",654.25
52,"890,099.50",654.25
52,"889,445.25",654.25
53,"888,791.00",730.4166667
53,"888,060.58",730.4166667
53,"887,330.17",730.4166667
53,"886,599.75",730.4166667
53,"885,869.33",730.4166667
53,"885,138.92",730.4166667
53,"884,408.50",730.4166667
53,"883,678.08",730.4166667
53,"882,947.67",730.4166667
53,"882,217.25",730.4166667
53,"881,486.83",730.4166667
53,"880,756.42",730.4166667
54,"880,026.00",816.5833333
54,"879,209.42",816.5833333
54,"878,392.83",816.5833333
54,"877,576.25",816.5833333
54,"876,759.67",816.5833333
54,"875,943.08",816.5833333
54,"875,126.50",816.5833333
54,"874,309.92",816.5833333
54,"873,493.33",816.5833333
54,"872,676.75",816.5833333
54,"871,860.17",816.5833333
54,"871,043.58",816.5833333
55,"870,227.00",902.75
55,"869,324.25",902.75
55,"868,421.50",902.75
55,"867,518.75",902.75
55,"866,616.00",902.75
55,"865,713.25",902.75
55,"864,810.50",902.75
55,"863,907.75",902.75
55,"863,005.00",902.75
55,"862,102.25",902.75
55,"861,199.50",902.75
55,"860,296.75",902.75
56,"859,394.00",940.25
56,"858,453.75",940.25
56,"857,513.50",940.25
56,"856,573.25",940.25
56,"855,633.00",940.25
56,"854,692.75",940.25
56,"853,752.50",940.25
56,"852,812.25",940.25
56,"851,872.00",940.25
56,"850,931.75",940.25
56,"849,991.50",940.25
56,"849,051.25",940.25
57,"848,111.00",1016.75
57,"847,094.25",1016.75
57,"846,077.50",1016.75
57,"845,060.75",1016.75
57,"844,044.00",1016.75
57,"843,027.25",1016.75
57,"842,010.50",1016.75
57,"840,993.75",1016.75
57,"839,977.00",1016.75
57,"838,960.25",1016.75
57,"837,943.50",1016.75
57,"836,926.75",1016.75
58,"835,910.00",1094.25
58,"834,815.75",1094.25
58,"833,721.50",1094.25
58,"832,627.25",1094.25
58,"831,533.00",1094.25
58,"830,438.75",1094.25
58,"829,344.50",1094.25
58,"828,250.25",1094.25
58,"827,156.00",1094.25
58,"826,061.75",1094.25
58,"824,967.50",1094.25
58,"823,873.25",1094.25
59,"822,779.00",1209.916667
59,"821,569.08",1209.916667
59,"820,359.17",1209.916667
59,"819,149.25",1209.916667
59,"817,939.33",1209.916667
59,"816,729.42",1209.916667
59,"815,519.50",1209.916667
59,"814,309.58",1209.916667
59,"813,099.67",1209.916667
59,"811,889.75",1209.916667
59,"810,679.83",1209.916667
59,"809,469.92",1209.916667
60,"808,260.00",1285.666667
60,"806,974.33",1285.666667
60,"805,688.67",1285.666667
60,"804,403.00",1285.666667
60,"803,117.33",1285.666667
60,"801,831.67",1285.666667
60,"800,546.00",1285.666667
60,"799,260.33",1285.666667
60,"797,974.67",1285.666667
60,"796,689.00",1285.666667
60,"795,403.33",1285.666667
60,"794,117.67",1285.666667
61,"792,832.00",1332.916667
61,"791,499.08",1332.916667
61,"790,166.17",1332.916667
61,"788,833.25",1332.916667
61,"787,500.33",1332.916667
61,"786,167.42",1332.916667
61,"784,834.50",1332.916667
61,"783,501.58",1332.916667
61,"782,168.67",1332.916667
61,"780,835.75",1332.916667
61,"779,502.83",1332.916667
61,"778,169.92",1332.916667
62,"776,837.00",1469.5
62,"775,367.50",1469.5
62,"773,898.00",1469.5
62,"772,428.50",1469.5
62,"770,959.00",1469.5
62,"769,489.50",1469.5
62,"768,020.00",1469.5
62,"766,550.50",1469.5
62,"765,081.00",1469.5
62,"763,611.50",1469.5
62,"762,142.00",1469.5
62,"760,672.50",1469.5
63,"759,203.00",1547.25
63,"757,655.75",1547.25
63,"756,108.50",1547.25
63,"754,561.25",1547.25
63,"753,014.00",1547.25
63,"751,466.75",1547.25
63,"749,919.50",1547.25
63,"748,372.25",1547.25
63,"746,825.00",1547.25
63,"745,277.75",1547.25
63,"743,730.50",1547.25
63,"742,183.25",1547.25
64,"740,636.00",1696.583333
64,"738,939.42",1696.583333
64,"737,242.83",1696.583333
64,"735,546.25",1696.583333
64,"733,849.67",1696.583333
64,"732,153.08",1696.583333
64,"730,456.50",1696.583333
64,"728,759.92",1696.583333
64,"727,063.33",1696.583333
64,"725,366.75",1696.583333
64,"723,670.17",1696.583333
64,"721,973.58",1696.583333
65,"720,277.00",1829.916667
65,"718,447.08",1829.916667
65,"716,617.17",1829.916667
65,"714,787.25",1829.916667
65,"712,957.33",1829.916667
65,"711,127.42",1829.916667
65,"709,297.50",1829.916667
65,"707,467.58",1829.916667
65,"705,637.67",1829.916667
65,"703,807.75",1829.916667
65,"701,977.83",1829.916667
65,"700,147.92",1829.916667
66,"698,318.00",1954.75
66,"696,363.25",1954.75
66,"694,408.50",1954.75
66,"692,453.75",1954.75
66,"690,499.00",1954.75
66,"688,544.25",1954.75
66,"686,589.50",1954.75
66,"684,634.75",1954.75
66,"682,680.00",1954.75
66,"680,725.25",1954.75
66,"678,770.50",1954.75
66,"676,815.75",1954.75
67,"674,861.00",2084.916667
67,"672,776.08",2084.916667
67,"670,691.17",2084.916667
67,"668,606.25",2084.916667
67,"666,521.33",2084.916667
67,"664,436.42",2084.916667
67,"662,351.50",2084.916667
67,"660,266.58",2084.916667
67,"658,181.67",2084.916667
67,"656,096.75",2084.916667
67,"654,011.83",2084.916667
67,"651,926.92",2084.916667
68,"649,842.00",2193.166667
68,"647,648.83",2193.166667
68,"645,455.67",2193.166667
68,"643,262.50",2193.166667
68,"641,069.33",2193.166667
68,"638,876.17",2193.166667
68,"636,683.00",2193.166667
68,"634,489.83",2193.166667
68,"632,296.67",2193.166667
68,"630,103.50",2193.166667
68,"627,910.33",2193.166667
68,"625,717.17",2193.166667
69,"623,524.00",2368.083333
69,"621,155.92",2368.083333
69,"618,787.83",2368.083333
69,"616,419.75",2368.083333
69,"614,051.67",2368.083333
69,"611,683.58",2368.083333
69,"609,315.50",2368.083333
69,"606,947.42",2368.083333
69,"604,579.33",2368.083333
69,"602,211.25",2368.083333
69,"599,843.17",2368.083333
69,"597,475.08",2368.083333
70,"595,107.00",2472.166667
70,"592,634.83",2472.166667
70,"590,162.67",2472.166667
70,"587,690.50",2472.166667
70,"585,218.33",2472.166667
70,"582,746.17",2472.166667
70,"580,274.00",2472.166667
70,"577,801.83",2472.166667
70,"575,329.67",2472.166667
70,"572,857.50",2472.166667
70,"570,385.33",2472.166667
70,"567,913.17",2472.166667
71,"565,441.00",2630.583333
71,"562,810.42",2630.583333
71,"560,179.83",2630.583333
71,"557,549.25",2630.583333
71,"554,918.67",2630.583333
71,"552,288.08",2630.583333
71,"549,657.50",2630.583333
71,"547,026.92",2630.583333
71,"544,396.33",2630.583333
71,"541,765.75",2630.583333
71,"539,135.17",2630.583333
71,"536,504.58",2630.583333
72,"533,874.00",2688.916667
72,"531,185.08",2688.916667
72,"528,496.17",2688.916667
72,"525,807.25",2688.916667
72,"523,118.33",2688.916667
72,"520,429.42",2688.916667
72,"517,740.50",2688.916667
72,"515,051.58",2688.916667
72,"512,362.67",2688.916667
72,"509,673.75",2688.916667
72,"506,984.83",2688.916667
72,"504,295.92",2688.916667
73,"501,607.00",2766.666667
73,"498,840.33",2766.666667
73,"496,073.67",2766.666667
73,"493,307.00",2766.666667
73,"490,540.33",2766.666667
73,"487,773.67",2766.666667
73,"485,007.00",2766.666667
73,"482,240.33",2766.666667
73,"479,473.67",2766.666667
73,"476,707.00",2766.666667
73,"473,940.33",2766.666667
73,"471,173.67",2766.666667
74,"468,407.00",2787.416667
74,"465,619.58",2787.416667
74,"462,832.17",2787.416667
74,"460,044.75",2787.416667
74,"457,257.33",2787.416667
74,"454,469.92",2787.416667
74,"451,682.50",2787.416667
74,"448,895.08",2787.416667
74,"446,107.67",2787.416667
74,"443,320.25",2787.416667
74,"440,532.83",2787.416667
74,"437,745.42",2787.416667
75,"434,958.00",2874
75,"432,084.00",2874
75,"429,210.00",2874
75,"426,336.00",2874
75,"423,462.00",2874
75,"420,588.00",2874
75,"417,714.00",2874
75,"414,840.00",2874
75,"411,966.00",2874
75,"409,092.00",2874
75,"406,218.00",2874
75,"403,344.00",2874
76,"400,470.00",2838.166667
76,"397,631.83",2838.166667
76,"394,793.67",2838.166667
76,"391,955.50",2838.166667
76,"389,117.33",2838.166667
76,"386,279.17",2838.166667
76,"383,441.00",2838.166667
76,"380,602.83",2838.166667
76,"377,764.67",2838.166667
76,"374,926.50",2838.166667
76,"372,088.33",2838.166667
76,"369,250.17",2838.166667
77,"366,412.00",2759.833333
77,"363,652.17",2759.833333
77,"360,892.33",2759.833333
77,"358,132.50",2759.833333
77,"355,372.67",2759.833333
77,"352,612.83",2759.833333
77,"349,853.00",2759.833333
77,"347,093.17",2759.833333
77,"344,333.33",2759.833333
77,"341,573.50",2759.833333
77,"338,813.67",2759.833333
77,"336,053.83",2759.833333
78,"333,294.00",2732.75
78,"330,561.25",2732.75
78,"327,828.50",2732.75
78,"325,095.75",2732.75
78,"322,363.00",2732.75
78,"319,630.25",2732.75
78,"316,897.50",2732.75
78,"314,164.75",2732.75
78,"311,432.00",2732.75
78,"308,699.25",2732.75
78,"305,966.50",2732.75
78,"303,233.75",2732.75
79,"300,501.00",2641.166667
79,"297,859.83",2641.166667
79,"295,218.67",2641.166667
79,"292,577.50",2641.166667
79,"289,936.33",2641.166667
79,"287,295.17",2641.166667
79,"284,654.00",2641.166667
79,"282,012.83",2641.166667
79,"279,371.67",2641.166667
79,"276,730.50",2641.166667
79,"274,089.33",2641.166667
79,"271,448.17",2641.166667
80,"268,807.00",2548.166667
80,"266,258.83",2548.166667
80,"263,710.67",2548.166667
80,"261,162.50",2548.166667
80,"258,614.33",2548.166667
80,"256,066.17",2548.166667
80,"253,518.00",2548.166667
80,"250,969.83",2548.166667
80,"248,421.67",2548.166667
80,"245,873.50",2548.166667
80,"243,325.33",2548.166667
80,"240,777.17",2548.166667
81,"238,229.00",2270.583333
81,"235,958.42",2270.583333
81,"233,687.83",2270.583333
81,"231,417.25",2270.583333
81,"229,146.67",2270.583333
81,"226,876.08",2270.583333
81,"224,605.50",2270.583333
81,"222,334.92",2270.583333
81,"220,064.33",2270.583333
81,"217,793.75",2270.583333
81,"215,523.17",2270.583333
81,"213,252.58",2270.583333
82,"210,982.00",2125.166667
82,"208,856.83",2125.166667
82,"206,731.67",2125.166667
82,"204,606.50",2125.166667
82,"202,481.33",2125.166667
82,"200,356.17",2125.166667
82,"198,231.00",2125.166667
82,"196,105.83",2125.166667
82,"193,980.67",2125.166667
82,"191,855.50",2125.166667
82,"189,730.33",2125.166667
82,"187,605.17",2125.166667
83,"185,480.00",2014.583333
83,"183,465.42",2014.583333
83,"181,450.83",2014.583333
83,"179,436.25",2014.583333
83,"177,421.67",2014.583333
83,"175,407.08",2014.583333
83,"173,392.50",2014.583333
83,"171,377.92",2014.583333
83,"169,363.33",2014.583333
83,"167,348.75",2014.583333
83,"165,334.17",2014.583333
83,"163,319.58",2014.583333
84,"161,305.00",1854.416667
84,"159,450.58",1854.416667
84,"157,596.17",1854.416667
84,"155,741.75",1854.416667
84,"153,887.33",1854.416667
84,"152,032.92",1854.416667
84,"150,178.50",1854.416667
84,"148,324.08",1854.416667
84,"146,469.67",1854.416667
84,"144,615.25",1854.416667
84,"142,760.83",1854.416667
84,"140,906.42",1854.416667
85,"139,052.00",1629.083333
85,"137,422.92",1629.083333
85,"135,793.83",1629.083333
85,"134,164.75",1629.083333
85,"132,535.67",1629.083333
85,"130,906.58",1629.083333
85,"129,277.50",1629.083333
85,"127,648.42",1629.083333
85,"126,019.33",1629.083333
85,"124,390.25",1629.083333
85,"122,761.17",1629.083333
85,"121,132.08",1629.083333
86,"119,503.00",1474.75
86,"118,028.25",1474.75
86,"116,553.50",1474.75
86,"115,078.75",1474.75
86,"113,604.00",1474.75
86,"112,129.25",1474.75
86,"110,654.50",1474.75
86,"109,179.75",1474.75
86,"107,705.00",1474.75
86,"106,230.25",1474.75
86,"104,755.50",1474.75
86,"103,280.75",1474.75
87,"101,806.00",1334.583333
87,"100,471.42",1334.583333
87,"99,136.83",1334.583333
87,"97,802.25",1334.583333
87,"96,467.67",1334.583333
87,"95,133.08",1334.583333
87,"93,798.50",1334.583333
87,"92,463.92",1334.583333
87,"91,129.33",1334.583333
87,"89,794.75",1334.583333
87,"88,460.17",1334.583333
87,"87,125.58",1334.583333
88,"85,791.00",1248.333333
88,"84,542.67",1248.333333
88,"83,294.33",1248.333333
88,"82,046.00",1248.333333
88,"80,797.67",1248.333333
88,"79,549.33",1248.333333
88,"78,301.00",1248.333333
88,"77,052.67",1248.333333
88,"75,804.33",1248.333333
88,"74,556.00",1248.333333
88,"73,307.67",1248.333333
88,"72,059.33",1248.333333
89,"70,811.00",1134.5
89,"69,676.50",1134.5
89,"68,542.00",1134.5
89,"67,407.50",1134.5
89,"66,273.00",1134.5
89,"65,138.50",1134.5
89,"64,004.00",1134.5
89,"62,869.50",1134.5
89,"61,735.00",1134.5
89,"60,600.50",1134.5
89,"59,466.00",1134.5
89,"58,331.50",1134.5
90,"57,197.00",1009.833333
90,"56,187.17",1009.833333
90,"55,177.33",1009.833333
90,"54,167.50",1009.833333
90,"53,157.67",1009.833333
90,"52,147.83",1009.833333
90,"51,138.00",1009.833333
90,"50,128.17",1009.833333
90,"49,118.33",1009.833333
90,"48,108.50",1009.833333
90,"47,098.67",1009.833333
90,"46,088.83",1009.833333
91,"45,079.00",877.8333333
91,"44,201.17",877.8333333
91,"43,323.33",877.8333333
91,"42,445.50",877.8333333
91,"41,567.67",877.8333333
91,"40,689.83",877.8333333
91,"39,812.00",877.8333333
91,"38,934.17",877.8333333
91,"38,056.33",877.8333333
91,"37,178.50",877.8333333
91,"36,300.67",877.8333333
91,"35,422.83",877.8333333
92,"34,545.00",742.6666667
92,"33,802.33",742.6666667
92,"33,059.67",742.6666667
92,"32,317.00",742.6666667
92,"31,574.33",742.6666667
92,"30,831.67",742.6666667
92,"30,089.00",742.6666667
92,"29,346.33",742.6666667
92,"28,603.67",742.6666667
92,"27,861.00",742.6666667
92,"27,118.33",742.6666667
92,"26,375.67",742.6666667
93,"25,633.00",609
93,"25,024.00",609
93,"24,415.00",609
93,"23,806.00",609
93,"23,197.00",609
93,"22,588.00",609
93,"21,979.00",609
93,"21,370.00",609
93,"20,761.00",609
93,"20,152.00",609
93,"19,543.00",609
93,"18,934.00",609
94,"18,325.00",481.5
94,"17,843.50",481.5
94,"17,362.00",481.5
94,"16,880.50",481.5
94,"16,399.00",481.5
94,"15,917.50",481.5
94,"15,436.00",481.5
94,"14,954.50",481.5
94,"14,473.00",481.5
94,"13,991.50",481.5
94,"13,510.00",481.5
94,"13,028.50",481.5
95,"12,547.00",346.0833333
95,"12,200.92",346.0833333
95,"11,854.83",346.0833333
95,"11,508.75",346.0833333
95,"11,162.67",346.0833333
95,"10,816.58",346.0833333
95,"10,470.50",346.0833333
95,"10,124.42",346.0833333
95,"9,778.33",346.0833333
95,"9,432.25",346.0833333
95,"9,086.17",346.0833333
95,"8,740.08",346.0833333
96,"8,394.00",243.1666667
96,"8,150.83",243.1666667
96,"7,907.67",243.1666667
96,"7,664.50",243.1666667
96,"7,421.33",243.1666667
96,"7,178.17",243.1666667
96,"6,935.00",243.1666667
96,"6,691.83",243.1666667
96,"6,448.67",243.1666667
96,"6,205.50",243.1666667
96,"5,962.33",243.1666667
96,"5,719.17",243.1666667
97,"5,476.00",166.5
97,"5,309.50",166.5
97,"5,143.00",166.5
97,"4,976.50",166.5
97,"4,810.00",166.5
97,"4,643.50",166.5
97,"4,477.00",166.5
97,"4,310.50",166.5
97,"4,144.00",166.5
97,"3,977.50",166.5
97,"3,811.00",166.5
97,"3,644.50",166.5
98,"3,478.00",111.0833333
98,"3,366.92",111.0833333
98,"3,255.83",111.0833333
98,"3,144.75",111.0833333
98,"3,033.67",111.0833333
98,"2,922.58",111.0833333
98,"2,811.50",111.0833333
98,"2,700.42",111.0833333
98,"2,589.33",111.0833333
98,"2,478.25",111.0833333
98,"2,367.17",111.0833333
98,"2,256.08",111.0833333
99,"2,145.00",71.91666667
99,"2,073.08",71.91666667
99,"2,001.17",71.91666667
99,"1,929.25",71.91666667
99,"1,857.33",71.91666667
99,"1,785.42",71.91666667
99,"1,713.50",71.91666667
99,"1,641.58",71.91666667
99,"1,569.67",71.91666667
99,"1,497.75",71.91666667
99,"1,425.83",71.91666667
99,"1,353.92",71.91666667
100,"1,282.00",45.16666667
100,"1,236.83",45.16666667
100,"1,191.67",45.16666667
100,"1,146.50",45.16666667
100,"1,101.33",45.16666667
100,"1,056.17",45.16666667
100,"1,011.00",45.16666667
100,965.83,45.16666667
100,920.67,45.16666667
100,875.50,45.16666667
100,830.33,45.16666667
100,785.17,45.16666667
101,740.00,27.33333333
101,712.67,27.33333333
101,685.33,27.33333333
101,658.00,27.33333333
101,630.67,27.33333333
101,603.33,27.33333333
101,576.00,27.33333333
101,548.67,27.33333333
101,521.33,27.33333333
101,494.00,27.33333333
101,466.67,27.33333333
101,439.33,27.33333333
102,412.00,15.91666667
102,396.08,15.91666667
102,380.17,15.91666667
102,364.25,15.91666667
102,348.33,15.91666667
102,332.42,15.91666667
102,316.50,15.91666667
102,300.58,15.91666667
102,284.67,15.91666667
102,268.75,15.91666667
102,252.83,15.91666667
102,236.92,15.91666667
103,221.00,9.083333333
103,211.92,9.083333333
103,202.83,9.083333333
103,193.75,9.083333333
103,184.67,9.083333333
103,175.58,9.083333333
103,166.50,9.083333333
103,157.42,9.083333333
103,148.33,9.083333333
103,139.25,9.083333333
103,130.17,9.083333333
103,121.08,9.083333333
104,112.00,4.833333333
104,107.17,4.833333333
104,102.33,4.833333333
104,97.50,4.833333333
104,92.67,4.833333333
104,87.83,4.833333333
104,83.00,4.833333333
104,78.17,4.833333333
104,73.33,4.833333333
104,68.50,4.833333333
104,63.67,4.833333333
104,58.83,4.833333333
105,54.00,4.5
105,49.50,4.5
105,45.00,4.5
105,40.50,4.5
105,36.00,4.5
105,31.50,4.5
105,27.00,4.5
105,22.50,4.5
105,18.00,4.5
105,13.50,4.5
105,9.00,4.5
105,4.50,4.5
